name,phone,email,country
Xander Joyner,(816) 117-8517,quis.lectus@hotmail.org,Austria
Quinlan Moses,(586) 236-2455,in.consectetuer@icloud.com,Ireland
Chiquita Ryan,(371) 765-9576,nunc.interdum@aol.edu,Italy
Elizabeth Wolfe,1-866-265-0211,rhoncus@icloud.couk,Turkey
Forrest Gomez,(481) 257-6335,auctor.odio.a@icloud.net,Indonesia
Fallon Kinney,1-239-187-8674,iaculis@icloud.edu,India
Warren Nguyen,(853) 247-2688,ornare@icloud.edu,New Zealand
Drake Alvarado,(875) 842-5864,at.lacus.quisque@outlook.ca,United States
Christen Shepard,1-122-624-8401,magna@outlook.net,China
Melvin Barnes,1-863-281-1663,accumsan.sed.facilisis@google.net,Italy
Hall Becker,1-734-574-4518,maecenas.ornare@yahoo.couk,Sweden
Timon West,(494) 602-6101,scelerisque.dui@yahoo.net,Canada
Evelyn Glenn,1-612-355-1871,lorem@hotmail.couk,Belgium
Austin Shaw,1-575-126-3771,congue.in@yahoo.couk,South Korea
Haley Gaines,(714) 545-5266,ante.dictum.mi@hotmail.ca,Brazil
Chester Delaney,(535) 881-3524,ornare@aol.org,Italy
Lydia Erickson,(517) 301-6772,a.dui@outlook.couk,China
Avram Miles,(468) 804-3415,nunc.ullamcorper@hotmail.couk,Peru
Baker Beach,1-975-878-6167,sed.molestie.sed@outlook.net,Brazil
Hanae Espinoza,1-330-679-6726,mauris.sagittis.placerat@hotmail.org,Pakistan
Victor Howell,1-431-736-4597,vulputate@outlook.edu,Canada
Uta Macdonald,(581) 175-1886,est@protonmail.org,Austria
Tyrone Walls,1-858-291-6886,in.at.pede@hotmail.net,Indonesia
Quintessa Lopez,(605) 436-6289,libero.est@protonmail.edu,Mexico
Nathan Colon,(863) 815-5697,nibh@protonmail.edu,Vietnam
Lee Morales,1-548-490-4644,fusce@google.org,Russian Federation
Chester Frost,1-154-569-1674,accumsan@hotmail.edu,New Zealand
Silas Silva,1-846-308-9711,ac.arcu@yahoo.ca,France
Cyrus Hendricks,(555) 474-3574,auctor@outlook.org,Russian Federation
Ashely Preston,1-958-303-3731,nulla.at@protonmail.edu,Mexico
Christopher Delgado,(536) 842-7179,euismod.ac.fermentum@aol.com,South Korea
Uriel York,(153) 282-5769,aliquet@hotmail.net,United Kingdom
Phyllis Bender,1-411-747-5657,mollis.nec@outlook.com,Canada
Dante Mccall,1-626-902-5873,consectetuer.euismod.est@icloud.ca,Indonesia
Armando Stone,1-921-417-7437,eu@aol.net,Costa Rica
Mary Cohen,(354) 503-9435,ullamcorper.duis.cursus@protonmail.couk,Italy
Beck Evans,(131) 312-3218,luctus.felis.purus@outlook.com,Belgium
Vanna Grant,1-766-241-0708,volutpat.nulla.facilisis@icloud.com,Vietnam
Ivor Waller,(846) 350-1822,felis.eget.varius@hotmail.com,Turkey
Christine Bradshaw,(543) 898-4161,lorem@protonmail.ca,United States
Jenette Sexton,(332) 144-4142,in.hendrerit@protonmail.com,Pakistan
Jaime Curry,(342) 841-3600,curabitur.massa.vestibulum@hotmail.couk,Netherlands
Emery Murray,(494) 412-5644,aliquam@hotmail.org,Russian Federation
Dominique Mcintosh,1-580-741-2744,mattis@outlook.org,Peru
Elvis Romero,1-587-512-8939,semper.dui.lectus@yahoo.net,Vietnam
Bruce Potter,(767) 104-9054,non@outlook.edu,Netherlands
Willa Montoya,1-582-583-8307,nec.orci@google.ca,Germany
Giacomo Roy,(745) 659-2566,in.tincidunt@hotmail.edu,Turkey
Gisela Dickerson,(462) 737-6305,scelerisque@aol.couk,Belgium
Brody Wolf,(698) 418-4438,interdum.nunc@protonmail.ca,Peru
Vernon Tillman,1-355-746-7299,lacinia.at.iaculis@protonmail.edu,Brazil
Amber Bradley,(772) 205-5740,mauris@icloud.edu,Austria
Gabriel Blankenship,1-556-468-8225,et.rutrum@aol.edu,Costa Rica
May Warner,1-594-279-5644,fermentum.convallis@outlook.net,Italy
Walter Trevino,(287) 841-8146,dignissim.maecenas@hotmail.couk,Russian Federation
Beau Hebert,1-822-338-3850,scelerisque.neque@protonmail.couk,Mexico
Yvette Langley,(312) 368-3628,purus.duis.elementum@icloud.ca,Sweden
Brenden Vinson,(771) 187-3583,imperdiet@outlook.org,United States
George Maldonado,(473) 646-8384,ornare@hotmail.org,China
Dante Cameron,1-471-577-7888,augue@outlook.ca,United States
Hoyt Whitney,1-762-185-0241,aenean.gravida@outlook.ca,Brazil
Chaney Holt,1-608-639-4788,parturient@icloud.edu,New Zealand
Mark Poole,1-207-789-1378,proin.velit@outlook.com,Peru
Quon Olsen,(248) 775-1221,quisque.porttitor.eros@icloud.couk,Canada
Lester Whitehead,1-891-340-3672,erat.semper@google.net,Australia
Oprah Patterson,1-752-753-7812,vel.arcu.curabitur@aol.ca,South Korea
Karly Guthrie,1-463-333-8839,etiam@yahoo.edu,Costa Rica
Jermaine Mcneil,(846) 336-6365,feugiat.sed@aol.org,Sweden
Freya Nielsen,1-916-317-8782,augue.id.ante@hotmail.edu,Pakistan
Sybill Cook,(885) 475-0345,id.erat@outlook.ca,Indonesia
Barry Clemons,(914) 775-2221,nullam.nisl@google.com,China
Sawyer Sloan,(941) 627-4536,egestas.urna@icloud.edu,Vietnam
Cora Dalton,1-764-899-8358,sem@icloud.couk,Peru
Zenaida Perkins,(341) 986-7882,eu@google.org,South Korea
Jonas Patterson,1-580-579-2722,pellentesque.tellus@aol.ca,Nigeria
Sonia Carroll,1-535-671-2683,consectetuer@yahoo.com,Belgium
Jelani Berger,1-694-366-1844,dolor.quisque@outlook.com,Costa Rica
Amaya Waller,(185) 887-1170,odio.vel@icloud.edu,Russian Federation
Rylee Porter,1-637-487-9711,dapibus.id@outlook.ca,Mexico
George Ward,(221) 742-5519,morbi@aol.ca,Turkey
Nichole Joyce,1-736-535-7978,malesuada.ut.sem@icloud.couk,Mexico
Hedda Jacobs,1-525-708-8295,id.magna@icloud.net,United States
Abbot Pate,1-895-751-4745,metus.vitae.velit@google.couk,Peru
Xaviera Sweeney,(552) 923-1781,penatibus.et.magnis@google.org,Poland
Danielle Burt,1-708-415-1164,bibendum.ullamcorper@google.com,Canada
Branden Fernandez,(685) 744-7625,ut.nisi@protonmail.net,France
Cade Andrews,1-627-789-3327,sollicitudin.a@google.net,United States
Jermaine Bates,1-399-606-3556,pellentesque@yahoo.ca,Belgium
Kato Sparks,1-598-108-5202,nisi.a.odio@icloud.com,Chile
Vaughan Cotton,1-747-946-1442,natoque.penatibus@aol.edu,Costa Rica
Quemby Osborne,(829) 884-8845,vestibulum@hotmail.net,Australia
Kai Sellers,1-181-234-2954,nascetur@hotmail.com,Italy
Tatum Herman,(531) 558-8565,in.faucibus@protonmail.com,Costa Rica
Leslie Wilson,1-276-488-6732,dapibus.rutrum.justo@aol.org,United States
Devin Sutton,1-784-315-2832,aliquet.magna.a@outlook.com,Poland
Fatima Blake,1-479-266-6452,nam.ac@icloud.ca,United Kingdom
Cailin Miranda,(627) 801-4156,ante.bibendum@hotmail.ca,South Korea
Regan Young,(302) 379-5778,penatibus@icloud.org,Indonesia
Belle Saunders,(512) 935-5646,et.magnis@hotmail.net,Colombia
Jescie Johnson,(253) 241-6415,malesuada@hotmail.org,China